timestamp,segment_id,speed_kmh,speed_median,drop,drop_pct
2026-01-01 21:55:00,R0023,26.72,39.76,13.04,0.32796780684104626
2026-01-01 22:00:00,R0023,26.7,39.39,12.690000000000001,0.3221629855293222
2026-01-01 22:05:00,R0023,26.68,38.54,11.86,0.3077322262584328
2026-01-01 22:10:00,R0023,26.72,39.27,12.550000000000004,0.3195823784059079
2026-01-01 22:15:00,R0023,26.72,39.81,13.090000000000003,0.32881185631750826
2026-01-01 22:20:00,R0023,26.68,39.53,12.850000000000001,0.32506956741715154
2026-01-01 22:25:00,R0023,26.67,39.95,13.280000000000001,0.33241551939924907
2026-01-01 22:30:00,R0023,26.77,38.93,12.16,0.31235550988954536
2026-01-01 22:35:00,R0023,26.8,39.84,13.040000000000003,0.3273092369477912
2026-01-08 08:00:00,R0023,26.18,37.64,11.46,0.3044633368756642
2026-01-01 21:55:00,R0024,20.09,29.69,9.600000000000001,0.32334119232064673
2026-01-01 22:00:00,R0024,20.06,29.77,9.71,0.32616728249916027
2026-01-01 22:05:00,R0024,20.06,29.58,9.52,0.3218390804597701
2026-01-01 22:10:00,R0024,20.07,29.74,9.669999999999998,0.32515131136516473
2026-01-01 22:15:00,R0024,20.06,29.86,9.8,0.3281982585398527
2026-01-01 22:20:00,R0024,20.0,29.84,9.84,0.3297587131367292
2026-01-01 22:25:00,R0024,20.09,29.54,9.45,0.31990521327014215
2026-01-01 22:30:00,R0024,20.09,30.0,9.91,0.3303333333333333
2026-01-01 22:35:00,R0024,20.07,29.76,9.690000000000001,0.32560483870967744
2026-01-08 07:45:00,R0024,19.48,28.61,9.129999999999999,0.3191191890947221
2026-01-08 07:55:00,R0024,19.84,28.36,8.52,0.3004231311706629
2026-01-08 08:10:00,R0024,19.56,28.03,8.470000000000002,0.30217623974313246
2026-01-08 08:25:00,R0024,19.79,28.55,8.760000000000002,0.30683012259194403
2026-01-08 16:40:00,R0024,19.37,28.1,8.73,0.3106761565836299
2026-01-01 21:55:00,R0027,33.48,49.93,16.450000000000003,0.32946124574404173
2026-01-01 22:00:00,R0027,33.48,49.82,16.340000000000003,0.32798073063026906
2026-01-01 22:05:00,R0027,33.49,49.58,16.089999999999996,0.3245260185558692
2026-01-01 22:10:00,R0027,33.49,49.8,16.309999999999995,0.3275100401606425
2026-01-01 22:15:00,R0027,33.44,49.91,16.47,0.32999398918052497
2026-01-01 22:20:00,R0027,33.49,49.51,16.019999999999996,0.32357099575843257
2026-01-01 22:25:00,R0027,33.49,49.94,16.449999999999996,0.32939527432919496
2026-01-01 22:30:00,R0027,33.45,49.77,16.32,0.3279083785412899
2026-01-01 22:35:00,R0027,33.49,49.96,16.47,0.3296637309847878
2026-01-01 21:55:00,R0028,33.48,49.8,16.32,0.327710843373494
2026-01-01 22:00:00,R0028,33.48,49.9,16.42,0.32905811623246495
2026-01-01 22:05:00,R0028,33.5,49.89,16.39,0.3285227500501102
2026-01-01 22:10:00,R0028,33.49,49.95,16.46,0.3295295295295295
2026-01-01 22:15:00,R0028,33.48,49.93,16.450000000000003,0.32946124574404173
2026-01-01 22:20:00,R0028,33.5,49.97,16.47,0.3295977586551931
2026-01-01 22:25:00,R0028,33.5,49.92,16.42,0.32892628205128205
2026-01-01 22:30:00,R0028,33.5,49.96,16.46,0.3294635708566854
2026-01-01 22:35:00,R0028,33.46,49.92,16.46,0.3297275641025641
2026-01-02 17:30:00,R0037,21.07,30.14,9.07,0.30092899800928996
2026-01-02 17:00:00,R0041,21.08,30.115,9.035,0.30001660302175
2026-01-02 17:25:00,R0041,21.11,30.21,9.100000000000001,0.30122476001324067
2026-01-02 17:25:00,R0042,31.49,45.505,14.015000000000004,0.30798813317217894
2026-01-02 16:40:00,R0043,16.79,35.28,18.490000000000002,0.524092970521542
2026-01-02 16:45:00,R0043,16.79,35.635,18.845,0.5288340115055423
2026-01-02 16:50:00,R0043,16.77,35.445,18.675,0.5268726195514177
2026-01-02 16:55:00,R0043,16.79,35.375,18.585,0.5253710247349823
2026-01-02 17:00:00,R0043,16.78,37.885000000000005,21.105000000000004,0.5570806387752409
2026-01-02 17:05:00,R0043,16.76,37.54,20.779999999999998,0.5535428875865742
2026-01-02 17:10:00,R0043,16.79,37.465,20.675000000000004,0.551848391832377
2026-01-02 17:15:00,R0043,16.78,37.83,21.049999999999997,0.5564366904573089
2026-01-02 17:20:00,R0043,16.77,38.0,21.23,0.5586842105263158
2026-01-02 17:25:00,R0043,16.79,38.02,21.230000000000004,0.5583903208837454
2026-01-02 17:30:00,R0043,16.79,37.79,21.0,0.5557025668166181
2026-01-02 17:35:00,R0043,16.79,37.055,20.265,0.5468897584671435
2026-01-01 21:55:00,R0063,40.18,59.88,19.700000000000003,0.3289913159652639
2026-01-01 22:00:00,R0063,40.19,59.8,19.61,0.32792642140468226
2026-01-01 22:05:00,R0063,40.15,59.55,19.4,0.325776658270361
2026-01-01 22:10:00,R0063,40.19,59.66,19.47,0.3263493127723768
2026-01-01 22:15:00,R0063,40.16,59.95,19.790000000000006,0.3301084236864054
2026-01-01 22:20:00,R0063,40.2,59.76,19.559999999999995,0.32730923694779107
2026-01-01 22:25:00,R0063,40.13,59.9,19.769999999999996,0.330050083472454
2026-01-01 22:30:00,R0063,40.12,59.78,19.660000000000004,0.32887253261960525
2026-01-01 22:35:00,R0063,40.16,59.9,19.740000000000002,0.32954924874791325
2026-01-08 07:40:00,R0063,39.74,58.79,19.049999999999997,0.3240346997788739
2026-01-08 07:45:00,R0063,39.82,58.18,18.36,0.31557236163630115
2026-01-08 07:50:00,R0063,39.8,57.96,18.160000000000004,0.3133195307108351
2026-01-08 07:55:00,R0063,39.61,57.83,18.22,0.31506138682344803
2026-01-08 08:00:00,R0063,39.81,57.41,17.599999999999994,0.3065668002090227
2026-01-08 08:05:00,R0063,39.87,58.0,18.130000000000003,0.31258620689655175
2026-01-08 08:10:00,R0063,39.88,58.11,18.229999999999997,0.3137153674066425
2026-01-08 08:20:00,R0063,39.76,57.35,17.590000000000003,0.30671316477768096
2026-01-08 08:25:00,R0063,39.8,58.61,18.810000000000002,0.3209349940283229
2026-01-01 21:55:00,R0064,40.17,59.53,19.36,0.32521417772551653
2026-01-01 22:00:00,R0064,40.15,59.66,19.509999999999998,0.3270197787462286
2026-01-01 22:05:00,R0064,40.13,59.95,19.82,0.33060884070058383
2026-01-01 22:10:00,R0064,40.19,59.92,19.730000000000004,0.3292723631508679
2026-01-01 22:15:00,R0064,40.13,59.88,19.75,0.3298263193052772
2026-01-01 22:20:00,R0064,40.1,59.72,19.619999999999997,0.32853315472203615
2026-01-01 22:25:00,R0064,40.17,59.83,19.659999999999997,0.32859769346481693
2026-01-01 22:30:00,R0064,40.18,59.73,19.549999999999997,0.3273062112841118
2026-01-01 22:35:00,R0064,40.2,59.78,19.58,0.32753429240548676
2026-01-08 07:40:00,R0064,40.0,58.56,18.560000000000002,0.31693989071038253
2026-01-08 07:45:00,R0064,39.89,58.93,19.04,0.32309519769217715
2026-01-08 07:50:00,R0064,39.95,59.35,19.4,0.3268744734625105
2026-01-08 07:55:00,R0064,39.88,58.98,19.099999999999994,0.32383858935232274
2026-01-08 08:00:00,R0064,39.98,58.55,18.57,0.31716481639624255
2026-01-08 08:05:00,R0064,39.8,58.02,18.220000000000006,0.31402964495001734
2026-01-08 08:10:00,R0064,39.47,57.72,18.25,0.3161815661815662
2026-01-08 08:15:00,R0064,39.85,57.86,18.009999999999998,0.3112685793294158
2026-01-08 08:20:00,R0064,39.45,58.08,18.629999999999995,0.3207644628099173
2026-01-08 08:25:00,R0064,39.63,58.94,19.309999999999995,0.3276213098065829
2026-01-01 21:55:00,R0067,12.57,29.88,17.31,0.5793172690763052
2026-01-01 22:00:00,R0067,12.59,29.77,17.18,0.5770910312395029
2026-01-01 22:05:00,R0067,12.58,29.74,17.159999999999997,0.5770006724949562
2026-01-01 22:10:00,R0067,12.6,29.76,17.160000000000004,0.5766129032258065
2026-01-01 22:15:00,R0067,12.58,29.61,17.03,0.5751435325903411
2026-01-01 22:20:00,R0067,12.59,29.84,17.25,0.578083109919571
2026-01-01 22:25:00,R0067,12.6,29.71,17.11,0.5759003702457085
2026-01-01 22:30:00,R0067,12.6,29.84,17.240000000000002,0.5777479892761395
2026-01-01 22:35:00,R0067,12.57,29.86,17.29,0.5790354989953115
2026-01-08 07:40:00,R0067,19.85,28.51,8.66,0.3037530690985619
2026-01-08 07:55:00,R0067,19.68,28.55,8.870000000000001,0.3106830122591944
2026-01-08 08:05:00,R0067,19.73,28.99,9.259999999999998,0.3194204898240772
2026-01-08 08:10:00,R0067,19.78,28.66,8.879999999999999,0.3098394975575715
2026-01-08 08:15:00,R0067,19.26,28.73,9.469999999999999,0.32962060563870516
2026-01-01 21:55:00,R0068,19.87,29.57,9.7,0.32803517078119715
2026-01-01 22:00:00,R0068,19.99,29.77,9.780000000000001,0.3285186429291233
2026-01-01 22:05:00,R0068,19.97,29.61,9.64,0.32556568726781493
2026-01-01 22:10:00,R0068,20.1,29.64,9.54,0.32186234817813764
2026-01-01 22:15:00,R0068,19.94,28.91,8.969999999999999,0.3102732618471117
2026-01-01 22:20:00,R0068,20.09,28.97,8.879999999999999,0.30652399033482913
2026-01-01 22:25:00,R0068,20.04,29.88,9.84,0.3293172690763052
2026-01-01 22:30:00,R0068,19.87,29.76,9.89,0.3323252688172043
2026-01-01 22:35:00,R0068,20.06,29.17,9.110000000000003,0.3123071648954406
2026-01-08 08:20:00,R0068,17.66,25.71,8.05,0.31310774017891874
2026-01-01 21:55:00,R0069,33.37,48.74,15.370000000000005,0.31534673779236777
2026-01-01 22:00:00,R0069,33.37,49.76,16.39,0.32938102893890675
2026-01-01 22:05:00,R0069,33.23,49.41,16.18,0.3274640760979559
2026-01-01 22:10:00,R0069,33.48,48.38,14.900000000000006,0.3079785035138488
2026-01-01 22:15:00,R0069,33.46,49.15,15.689999999999998,0.31922685656154626
2026-01-01 22:20:00,R0069,33.31,48.46,15.149999999999999,0.3126289723483285
2026-01-01 22:25:00,R0069,33.47,49.43,15.96,0.3228808415941736
2026-01-01 22:30:00,R0069,33.39,49.58,16.189999999999998,0.32654296087131907
2026-01-01 22:35:00,R0069,33.18,49.06,15.880000000000003,0.32368528332653895
2026-01-08 07:40:00,R0069,20.53,43.52,22.990000000000002,0.5282628676470589
2026-01-08 07:45:00,R0069,20.55,38.07,17.52,0.46020488573680063
2026-01-08 07:50:00,R0069,20.7,43.79,23.09,0.527289335464718
2026-01-08 07:55:00,R0069,20.77,42.25,21.48,0.5084023668639054
2026-01-08 08:00:00,R0069,20.85,42.96,22.11,0.5146648044692738
2026-01-08 08:05:00,R0069,20.61,40.33,19.72,0.4889660302504339
2026-01-08 08:10:00,R0069,20.65,44.25,23.6,0.5333333333333333
2026-01-08 08:15:00,R0069,20.61,45.36,24.75,0.5456349206349207
2026-01-08 08:20:00,R0069,20.62,38.07,17.45,0.4583661675860257
2026-01-08 08:25:00,R0069,20.72,41.76,21.04,0.5038314176245211
2026-01-01 21:55:00,R0070,33.39,49.45,16.060000000000002,0.32477249747219417
2026-01-01 22:00:00,R0070,33.39,49.02,15.630000000000003,0.3188494492044064
2026-01-01 22:05:00,R0070,33.23,48.42,15.190000000000005,0.3137133415943826
2026-01-01 22:10:00,R0070,33.4,49.02,15.620000000000005,0.3186454508363934
2026-01-01 22:15:00,R0070,33.21,49.85,16.64,0.33380140421263793
2026-01-01 22:20:00,R0070,33.31,49.32,16.009999999999998,0.3246147607461476
2026-01-01 22:25:00,R0070,33.5,49.59,16.090000000000003,0.32446057672917933
2026-01-01 22:30:00,R0070,32.91,49.78,16.870000000000005,0.33889112093210133
2026-01-01 22:35:00,R0070,33.43,49.07,15.64,0.3187283472590177
2026-01-01 21:55:00,R0071,33.47,49.88,16.410000000000004,0.32898957497995196
2026-01-01 22:00:00,R0071,33.47,49.83,16.36,0.3283162753361429
2026-01-01 22:05:00,R0071,33.48,49.79,16.310000000000002,0.32757581843743727
2026-01-01 22:10:00,R0071,33.5,49.92,16.42,0.32892628205128205
2026-01-01 22:15:00,R0071,33.49,49.9,16.409999999999997,0.3288577154308617
2026-01-01 22:20:00,R0071,33.48,49.85,16.370000000000005,0.3283851554663993
2026-01-01 22:25:00,R0071,33.48,49.97,16.490000000000002,0.3299979987992796
2026-01-01 22:30:00,R0071,33.47,49.73,16.259999999999998,0.32696561431731347
2026-01-01 22:35:00,R0071,33.44,49.73,16.29,0.32756887190830486
2026-01-01 21:55:00,R0072,40.18,59.75,19.57,0.3275313807531381
2026-01-01 22:00:00,R0072,40.19,59.82,19.630000000000003,0.32815112002674696
2026-01-01 22:05:00,R0072,40.17,59.99,19.82,0.3303883980663444
2026-01-01 22:10:00,R0072,40.2,59.8,19.599999999999994,0.32775919732441466
2026-01-01 22:15:00,R0072,40.17,59.98,19.809999999999995,0.3302767589196398
2026-01-01 22:20:00,R0072,40.19,59.84,19.650000000000006,0.3283756684491979
2026-01-01 22:25:00,R0072,40.19,59.88,19.690000000000005,0.32882431529726125
2026-01-01 22:30:00,R0072,40.19,59.94,19.75,0.3294961628294962
2026-01-01 22:35:00,R0072,40.2,59.9,19.699999999999996,0.32888146911519195
2026-01-01 21:55:00,R0073,26.79,39.87,13.079999999999998,0.32806621519939805
2026-01-01 22:00:00,R0073,26.77,39.97,13.2,0.33024768576432323
2026-01-01 22:05:00,R0073,26.8,39.98,13.179999999999996,0.32966483241620803
2026-01-01 22:10:00,R0073,26.8,39.86,13.059999999999999,0.32764676367285495
2026-01-01 22:15:00,R0073,26.79,39.97,13.18,0.32974731048286215
2026-01-01 22:20:00,R0073,26.8,39.96,13.16,0.32932932932932935
2026-01-01 22:25:00,R0073,26.78,39.96,13.18,0.32982982982982983
2026-01-01 22:30:00,R0073,26.78,39.78,13.0,0.32679738562091504
2026-01-01 22:35:00,R0073,26.8,39.99,13.190000000000001,0.32983245811452866
2026-01-01 21:55:00,R0074,40.18,59.96,19.78,0.32988659106070717
2026-01-01 22:00:00,R0074,40.17,59.68,19.509999999999998,0.3269101876675603
2026-01-01 22:05:00,R0074,40.19,59.95,19.760000000000005,0.32960800667222695
2026-01-01 22:10:00,R0074,40.09,59.73,19.639999999999993,0.3288129917964171
2026-01-01 22:15:00,R0074,40.19,59.88,19.690000000000005,0.32882431529726125
2026-01-01 22:20:00,R0074,40.2,59.88,19.68,0.3286573146292585
2026-01-01 22:25:00,R0074,40.2,59.82,19.619999999999997,0.32798395185556667
2026-01-01 22:30:00,R0074,40.19,59.91,19.72,0.32916040727758306
2026-01-01 22:35:00,R0074,40.19,59.97,19.78,0.3298315824578956
2026-01-02 17:30:00,R0083,21.16,30.375,9.215,0.3033744855967078
2026-01-02 17:25:00,R0084,20.94,29.995,9.055,0.30188364727454575
2026-01-02 17:35:00,R0084,21.0,30.055,9.055,0.301280984861088
2026-01-02 17:10:00,R0087,31.72,45.57,13.850000000000001,0.3039280228220321
2026-01-02 17:25:00,R0087,31.69,45.525,13.834999999999997,0.3038989566172432
2026-01-02 17:15:00,R0089,21.05,30.235,9.184999999999999,0.3037870018190838
2026-01-02 17:20:00,R0089,21.12,30.3,9.18,0.30297029702970296
2026-01-10 09:55:00,R0089,21.15,30.355,9.205000000000002,0.30324493493658383
2026-01-10 10:00:00,R0089,21.16,30.4,9.239999999999998,0.3039473684210526
2026-01-10 10:05:00,R0089,21.16,30.405,9.245000000000001,0.30406183193553693
2026-01-10 10:10:00,R0089,21.12,30.455,9.334999999999997,0.3065178131669676
2026-01-10 10:15:00,R0089,21.14,30.55,9.41,0.3080196399345336
2026-01-10 10:20:00,R0089,21.15,30.53,9.380000000000003,0.3072387815263676
2026-01-10 10:25:00,R0089,21.17,30.52,9.349999999999998,0.306356487549148
2026-01-10 10:30:00,R0089,21.17,30.345,9.174999999999997,0.3023562366122919
2026-01-10 10:35:00,R0089,21.17,30.515,9.344999999999999,0.3062428313943962
2026-01-02 17:00:00,R0090,26.44,37.79,11.349999999999998,0.3003440063508864
2026-01-02 17:05:00,R0090,26.45,37.875,11.425,0.30165016501650166
2026-01-02 17:15:00,R0090,26.39,37.82,11.43,0.30222104706504493
2026-01-02 17:20:00,R0090,26.38,37.705,11.325,0.3003580426999072
2026-01-02 17:25:00,R0090,26.4,37.77,11.370000000000005,0.30103256552819707
2026-01-03 14:05:00,R0099,31.73,45.37,13.639999999999997,0.30063918889133784
2026-01-03 14:10:00,R0099,31.72,45.32,13.600000000000001,0.30008826125330984
2026-01-03 14:20:00,R0099,31.78,45.82,14.04,0.306416412047141
2026-01-03 14:05:00,R0100,26.49,37.945,11.455000000000002,0.3018843062327053
2026-01-03 14:10:00,R0100,26.35,37.855,11.504999999999995,0.30392286355831455
2026-01-03 14:15:00,R0100,26.48,37.995,11.514999999999997,0.303066192920121
2026-01-03 14:25:00,R0100,26.3,37.83,11.529999999999998,0.30478456251652125
2026-01-03 14:05:00,R0103,31.78,45.455,13.674999999999997,0.30084699153008465
2026-01-03 14:10:00,R0103,31.73,45.785,14.054999999999996,0.3069782679917003
2026-01-03 14:15:00,R0103,31.69,45.45,13.760000000000002,0.3027502750275028
2026-01-03 14:20:00,R0103,31.69,45.33,13.639999999999997,0.300904478270461
2026-01-03 14:25:00,R0103,31.71,45.325,13.615000000000002,0.3003861003861004
2026-01-03 14:05:00,R0104,31.59,45.23,13.639999999999997,0.301569754587663
2026-01-03 14:10:00,R0104,31.7,45.685,13.985000000000003,0.30611798183211125
2026-01-03 14:20:00,R0104,31.43,45.45,14.020000000000003,0.3084708470847085
2026-01-08 07:40:00,R0110,32.81,46.9,14.089999999999996,0.3004264392324093
2026-01-08 07:50:00,R0110,31.88,46.23,14.349999999999998,0.31040449924291585
2026-01-08 08:00:00,R0113,19.0,27.85,8.850000000000001,0.3177737881508079
2026-01-08 08:15:00,R0113,17.97,26.82,8.850000000000001,0.3299776286353468
2026-01-08 08:00:00,R0114,18.13,26.58,8.45,0.31790820165538
2026-01-08 08:15:00,R0114,18.49,26.79,8.3,0.3098170959313177
2026-01-08 08:05:00,R0115,31.84,45.97,14.129999999999999,0.3073743745921253
2026-01-08 07:45:00,R0116,25.39,36.62,11.229999999999997,0.30666302566903325
2026-01-08 08:15:00,R0116,25.3,36.8,11.499999999999996,0.31249999999999994
2026-01-15 07:50:00,R0120,19.58,28.29,8.71,0.30788264404383175
2026-01-15 07:55:00,R0120,19.49,28.0,8.510000000000002,0.3039285714285715
2026-01-15 08:05:00,R0120,19.79,28.54,8.75,0.30658724597056763
2026-01-15 08:10:00,R0120,19.6,28.52,8.919999999999998,0.3127629733520336
2026-01-08 16:30:00,R0121,25.83,38.02,12.190000000000005,0.3206207259337192
2026-01-02 12:55:00,R0131,31.8,45.595,13.794999999999998,0.3025551047263954
2026-01-02 12:50:00,R0132,21.06,30.48,9.420000000000002,0.3090551181102363
2026-01-02 12:55:00,R0132,21.18,30.425,9.245000000000001,0.3038619556285949
2026-01-12 17:30:00,R0133,24.71,37.95,13.240000000000002,0.34888010540184455
2026-01-12 17:35:00,R0133,24.35,37.97,13.619999999999997,0.3587042401896233
2026-01-12 17:45:00,R0133,23.95,37.38,13.430000000000003,0.35928303905832004
2026-01-12 17:50:00,R0133,24.07,36.565,12.494999999999997,0.34172022425817034
2026-01-01 15:00:00,R0137,22.58,36.09,13.510000000000005,0.374341922970352
2026-01-01 15:05:00,R0137,22.93,36.18,13.25,0.3662244333886125
2026-01-01 15:10:00,R0137,22.9,37.78,14.880000000000003,0.3938591847538381
2026-01-01 15:15:00,R0137,22.7,37.21,14.510000000000002,0.38994893845740397
2026-01-01 15:20:00,R0137,22.69,34.51,11.819999999999997,0.3425094175601274
2026-01-01 15:25:00,R0137,22.71,36.16,13.449999999999996,0.37195796460176983
2026-01-01 15:30:00,R0137,22.72,36.13,13.410000000000004,0.37115970107943547
2026-01-01 15:35:00,R0137,22.71,37.63,14.920000000000002,0.39649216051023123
2026-01-15 17:50:00,R0137,20.17,31.73,11.559999999999999,0.36432398361172386
2026-01-15 18:00:00,R0137,20.05,30.51,10.46,0.34283841363487383
2026-01-15 18:15:00,R0137,19.79,30.24,10.45,0.3455687830687831
2026-01-15 17:50:00,R0138,25.83,43.61,17.78,0.40770465489566615
2026-01-15 17:55:00,R0138,26.03,43.31,17.28,0.3989840683444932
2026-01-15 18:00:00,R0138,26.14,43.78,17.64,0.4029237094563728
2026-01-15 18:10:00,R0138,25.97,40.95,14.980000000000004,0.3658119658119659
2026-01-15 18:15:00,R0138,25.89,40.94,15.049999999999997,0.36761113825109915
2026-01-03 14:00:00,R0139,21.19,30.495,9.305,0.30513198885063125
2026-01-03 14:05:00,R0139,21.2,30.545,9.345000000000002,0.3059420527091178
2026-01-03 14:10:00,R0139,21.19,30.565,9.375,0.3067233764109275
2026-01-03 14:15:00,R0139,21.2,30.57,9.370000000000001,0.3065096499836441
2026-01-03 14:20:00,R0139,21.2,30.555,9.355,0.3061692030764196
2026-01-03 14:25:00,R0139,21.19,30.475,9.285,0.30467596390484003
2026-01-03 14:00:00,R0140,21.17,30.485,9.314999999999998,0.3055601115302607
2026-01-03 14:05:00,R0140,21.18,30.49,9.309999999999999,0.3053460150869137
2026-01-03 14:10:00,R0140,21.18,30.51,9.330000000000002,0.3058013765978368
2026-01-03 14:15:00,R0140,21.19,30.575000000000003,9.385000000000002,0.3069501226492232
2026-01-03 14:20:00,R0140,21.19,30.46,9.27,0.304333552199606
2026-01-03 14:25:00,R0140,21.17,30.45,9.279999999999998,0.3047619047619047
2026-01-03 14:00:00,R0143,21.18,30.575,9.395,0.3072771872444808
2026-01-03 14:05:00,R0143,21.2,30.575000000000003,9.375000000000004,0.3066230580539657
2026-01-03 14:10:00,R0143,21.18,30.555,9.375,0.3068237604320079
2026-01-03 14:15:00,R0143,21.19,30.535000000000004,9.345000000000002,0.30604224660225976
2026-01-03 14:20:00,R0143,21.18,30.56,9.379999999999999,0.3069371727748691
2026-01-03 14:25:00,R0143,21.19,30.43,9.239999999999998,0.30364771606966806
2026-01-03 14:00:00,R0144,11.2,25.4,14.2,0.5590551181102362
2026-01-03 14:05:00,R0144,11.2,25.53,14.330000000000002,0.5613004308656483
2026-01-03 14:10:00,R0144,11.2,25.465,14.265,0.5601806400942471
2026-01-03 14:15:00,R0144,11.2,25.155,13.955000000000002,0.5547604849930432
2026-01-03 14:20:00,R0144,11.2,25.49,14.29,0.5606120047077285
2026-01-03 14:25:00,R0144,11.2,25.48,14.280000000000001,0.5604395604395604
2026-01-03 14:00:00,R0145,26.46,38.085,11.625,0.3052382827884994
2026-01-03 14:05:00,R0145,26.41,38.07,11.66,0.3062779091147885
2026-01-03 14:10:00,R0145,26.47,38.155,11.685000000000002,0.30625081902765044
2026-01-03 14:15:00,R0145,26.49,37.955,11.465,0.3020682387037281
2026-01-03 14:20:00,R0145,26.43,38.010000000000005,11.580000000000005,0.30465666929755336
2026-01-03 14:25:00,R0145,26.47,38.22,11.75,0.30743066457352175
2026-01-11 12:10:00,R0145,20.98,35.36,14.379999999999999,0.4066742081447964
2026-01-11 12:15:00,R0145,20.96,35.44,14.479999999999997,0.4085778781038374
2026-01-11 12:20:00,R0145,20.99,35.44,14.45,0.4077313769751693
2026-01-11 12:25:00,R0145,21.0,35.475,14.475000000000001,0.4080338266384778
2026-01-11 12:30:00,R0145,21.0,35.285,14.284999999999997,0.40484625194841994
2026-01-03 14:00:00,R0146,26.49,37.945,11.455000000000002,0.3018843062327053
2026-01-03 14:05:00,R0146,26.48,38.205,11.724999999999998,0.30689700301007716
2026-01-03 14:10:00,R0146,26.48,38.1,11.620000000000001,0.30498687664041996
2026-01-03 14:15:00,R0146,26.48,38.165,11.684999999999999,0.3061705751342853
2026-01-03 14:20:00,R0146,26.46,38.055,11.594999999999999,0.3046905794245171
2026-01-03 14:25:00,R0146,26.49,38.16,11.669999999999998,0.30581761006289304
2026-01-03 14:05:00,R0147,21.18,30.265,9.085,0.3001817280687263
2026-01-03 14:15:00,R0147,21.18,30.315,9.135000000000002,0.3013359722909451
2026-01-03 14:20:00,R0147,21.18,30.39,9.21,0.3030602171767029
2026-01-03 14:05:00,R0148,15.89,22.87,6.98,0.30520332313073895
2026-01-03 14:10:00,R0148,15.84,22.78,6.940000000000001,0.3046532045654083
2026-01-03 14:00:00,R0149,21.16,30.5,9.34,0.3062295081967213
2026-01-03 14:10:00,R0149,21.16,30.29,9.129999999999999,0.30141961043248594
2026-01-03 14:15:00,R0149,21.04,30.385,9.345000000000002,0.3075530689484944
2026-01-03 14:20:00,R0149,21.1,30.38,9.279999999999998,0.30546412113232385
2026-01-03 14:25:00,R0149,21.19,30.385,9.195,0.3026164225769294
2026-01-03 14:05:00,R0150,26.45,38.13,11.680000000000003,0.3063204825596644
2026-01-03 14:25:00,R0150,26.42,37.865,11.445,0.30225802191997886
2026-01-08 16:35:00,R0159,19.37,28.77,9.399999999999999,0.3267292318387208
2026-01-15 08:05:00,R0159,19.21,27.91,8.7,0.3117162307416696
2026-01-15 07:50:00,R0160,32.3,46.8,14.5,0.30982905982905984
2026-01-07 13:20:00,R0161,16.71,28.0,11.29,0.4032142857142857
2026-01-07 13:25:00,R0161,16.78,27.93,11.149999999999999,0.39921231650554956
2026-01-07 13:30:00,R0161,16.79,28.055,11.265,0.40153270361789345
2026-01-07 13:35:00,R0161,16.75,28.08,11.329999999999998,0.40349002849002846
2026-01-07 13:40:00,R0161,16.78,27.96,11.18,0.3998569384835479
2026-01-07 13:45:00,R0161,16.77,28.145000000000003,11.375000000000004,0.4041570438799077
2026-01-15 07:50:00,R0163,19.88,29.57,9.690000000000001,0.327696990192763
2026-01-15 07:55:00,R0163,19.99,29.46,9.470000000000002,0.3214528173794977
2026-01-15 08:00:00,R0163,20.01,29.24,9.229999999999997,0.31566347469220235
2026-01-15 08:05:00,R0163,20.01,29.3,9.29,0.3170648464163822
2026-01-15 08:10:00,R0163,19.93,29.47,9.54,0.32371903630810994
2026-01-15 07:50:00,R0164,20.04,29.55,9.510000000000002,0.32182741116751273
2026-01-15 07:55:00,R0164,20.04,29.4,9.36,0.3183673469387755
2026-01-15 08:00:00,R0164,20.04,29.18,9.14,0.31322823851953396
2026-01-15 08:05:00,R0164,19.92,29.37,9.45,0.3217568947906026
2026-01-15 08:10:00,R0164,19.99,29.6,9.610000000000003,0.32466216216216226
2026-01-15 07:50:00,R0165,20.02,29.58,9.559999999999999,0.3231913455037187
2026-01-15 07:55:00,R0165,19.93,29.21,9.280000000000001,0.3176994180075317
2026-01-15 08:00:00,R0165,19.95,29.6,9.650000000000002,0.3260135135135136
2026-01-15 08:05:00,R0165,19.97,29.72,9.75,0.3280619111709287
2026-01-15 08:10:00,R0165,19.98,29.49,9.509999999999998,0.3224821973550356
2026-01-15 07:50:00,R0166,12.58,29.17,16.590000000000003,0.5687350017140899
2026-01-15 07:55:00,R0166,12.54,29.3,16.76,0.5720136518771332
2026-01-15 08:00:00,R0166,12.56,29.02,16.46,0.5671950379048932
2026-01-15 08:05:00,R0166,12.56,29.26,16.700000000000003,0.570745044429255
2026-01-15 08:10:00,R0166,12.57,29.61,17.04,0.5754812563323202
2026-01-15 20:45:00,R0167,28.96,49.52,20.560000000000002,0.4151857835218094
2026-01-15 20:50:00,R0167,28.98,49.84,20.860000000000003,0.41853932584269665
2026-01-15 20:55:00,R0167,28.97,49.84,20.870000000000005,0.4187399678972713
2026-01-15 21:00:00,R0167,28.97,49.75,20.78,0.4176884422110553
2026-01-15 21:05:00,R0167,28.99,49.78,20.790000000000003,0.41763760546404183
2026-01-15 21:10:00,R0167,28.99,49.92,20.930000000000003,0.41927083333333337
2026-01-15 21:15:00,R0167,28.95,49.62,20.669999999999998,0.41656590084643286
2026-01-02 12:50:00,R0171,26.46,38.1,11.64,0.30551181102362207
2026-01-08 16:35:00,R0171,32.28,47.08,14.799999999999997,0.31435853865760405
2026-01-02 12:50:00,R0175,26.48,38.04,11.559999999999999,0.3038906414300736
2026-01-02 12:55:00,R0175,26.48,38.155,11.675,0.3059887301795309
2026-01-02 12:50:00,R0176,26.48,38.13,11.650000000000002,0.30553370049829537
2026-01-02 12:55:00,R0176,26.49,38.19,11.7,0.3063629222309505
2026-01-02 12:50:00,R0177,11.2,25.56,14.36,0.5618153364632238
2026-01-02 12:55:00,R0177,11.2,25.47,14.27,0.5602669807616805
2026-01-02 13:00:00,R0177,11.2,23.825000000000003,12.625000000000004,0.5299055613850998
2026-01-02 13:05:00,R0177,11.2,23.83,12.629999999999999,0.5300041963911036
2026-01-02 13:10:00,R0177,11.2,23.86,12.66,0.5305951383067896
2026-01-02 13:15:00,R0177,11.2,23.83,12.629999999999999,0.5300041963911036
2026-01-02 13:20:00,R0177,11.2,23.87,12.670000000000002,0.5307917888563051
2026-01-02 13:25:00,R0177,11.2,23.85,12.650000000000002,0.5303983228511531
2026-01-02 13:30:00,R0177,11.2,23.855,12.655000000000001,0.5304967512051981
2026-01-02 13:35:00,R0177,11.2,23.84,12.64,0.5302013422818792
2026-01-02 13:40:00,R0177,11.2,23.835,12.635000000000002,0.5301027900146843
2026-01-02 13:45:00,R0177,11.2,23.84,12.64,0.5302013422818792
2026-01-02 13:50:00,R0177,11.2,23.775,12.575,0.5289169295478444
2026-01-02 12:50:00,R0178,31.75,45.68,13.93,0.3049474605954466
2026-01-02 12:55:00,R0178,31.79,45.78,13.990000000000002,0.30559196155526436
2026-01-15 06:15:00,R0179,28.97,49.74,20.770000000000003,0.4175713711298754
2026-01-15 06:20:00,R0179,28.95,49.33,20.38,0.41313602270423677
2026-01-15 06:25:00,R0179,28.96,49.37,20.409999999999997,0.41340895280534734
2026-01-15 06:30:00,R0179,28.74,49.52,20.780000000000005,0.4196284329563813
2026-01-15 17:50:00,R0179,26.3,48.39,22.09,0.4564992767100641
2026-01-15 17:55:00,R0179,26.28,46.94,20.659999999999997,0.4401363442692799
2026-01-15 18:00:00,R0179,26.29,48.39,22.1,0.4567059309774747
2026-01-15 18:05:00,R0179,26.28,46.32,20.04,0.4326424870466321
2026-01-15 18:10:00,R0179,26.33,46.98,20.65,0.4395487441464453
2026-01-15 18:15:00,R0179,26.22,47.8,21.58,0.4514644351464435
2026-01-10 16:35:00,R0180,20.94,35.21,14.27,0.4052825901732462
2026-01-10 16:40:00,R0180,20.92,35.29,14.369999999999997,0.40719750637574376
2026-01-10 16:45:00,R0180,20.98,35.075,14.095000000000002,0.40185317177476837
2026-01-10 16:50:00,R0180,20.95,35.04,14.09,0.4021118721461187
2026-01-10 16:55:00,R0180,20.95,35.175,14.224999999999998,0.4044065387348969
2026-01-10 17:00:00,R0180,20.96,35.175,14.214999999999996,0.4041222459132906
2026-01-10 17:05:00,R0180,20.92,34.79,13.869999999999997,0.3986777809715435
2026-01-15 17:50:00,R0180,26.41,45.75,19.34,0.42273224043715846
2026-01-15 17:55:00,R0180,26.26,47.23,20.969999999999995,0.4439974592420071
2026-01-15 18:00:00,R0180,26.33,47.29,20.96,0.4432226686403045
2026-01-15 18:05:00,R0180,26.35,47.83,21.479999999999997,0.4490905289567217
2026-01-15 18:10:00,R0180,26.35,47.89,21.54,0.44978074754646064
2026-01-15 18:15:00,R0180,26.23,46.78,20.55,0.4392902949978623
2026-01-15 17:50:00,R0183,8.38,28.74,20.36,0.7084203201113431
2026-01-15 17:55:00,R0183,8.38,28.58,20.199999999999996,0.7067879636109167
2026-01-15 18:00:00,R0183,8.39,27.79,19.4,0.6980928391507736
2026-01-15 18:05:00,R0183,8.38,28.69,20.310000000000002,0.7079121645172535
2026-01-15 18:10:00,R0183,8.38,28.67,20.29,0.7077084059993023
2026-01-15 18:15:00,R0183,8.39,28.51,20.12,0.7057172921781831
2026-01-15 17:50:00,R0184,31.69,58.55,26.859999999999996,0.45875320239111866
2026-01-15 17:55:00,R0184,31.73,57.98,26.249999999999996,0.45274232493963434
2026-01-15 18:00:00,R0184,31.67,58.26,26.589999999999996,0.4564023343631994
2026-01-15 18:05:00,R0184,31.76,58.19,26.429999999999996,0.4542017528785014
2026-01-15 18:10:00,R0184,31.7,58.29,26.59,0.45616743866872533
2026-01-15 18:15:00,R0184,31.76,58.63,26.87,0.4582977997612144
2026-01-09 06:40:00,R0191,26.49,37.96,11.470000000000002,0.3021601685985248
2026-01-09 06:45:00,R0191,26.49,38.05,11.559999999999999,0.3038107752956636
2026-01-09 06:50:00,R0191,26.49,38.1,11.610000000000003,0.30472440944881896
2026-01-09 06:55:00,R0191,26.47,38.11,11.64,0.3054316452374705
2026-01-09 07:00:00,R0191,26.48,38.195,11.715,0.3067155386830737
2026-01-09 07:05:00,R0191,26.47,38.11,11.64,0.3054316452374705
2026-01-09 07:10:00,R0191,26.47,38.17,11.700000000000003,0.30652344773382245
2026-01-09 07:15:00,R0191,26.49,38.065,11.575,0.3040851175620649
2026-01-09 07:20:00,R0191,26.48,38.205,11.724999999999998,0.30689700301007716
2026-01-09 07:25:00,R0191,26.47,38.015,11.545000000000002,0.3036959095094042
2026-01-09 06:40:00,R0192,15.89,22.875,6.984999999999999,0.3053551912568306
2026-01-09 06:45:00,R0192,15.9,22.755,6.854999999999999,0.30125247198417926
2026-01-09 06:50:00,R0192,15.89,22.82,6.93,0.303680981595092
2026-01-09 06:55:00,R0192,15.89,22.745,6.855,0.3013849197625852
2026-01-09 07:05:00,R0192,15.88,22.895,7.014999999999999,0.3063987770255514
2026-01-09 07:10:00,R0192,15.89,22.755000000000003,6.865000000000002,0.30169193583827736
2026-01-09 07:15:00,R0192,15.88,22.7,6.8199999999999985,0.30044052863436116
2026-01-15 07:50:00,R0205,33.16,47.75,14.590000000000003,0.30554973821989534
2026-01-15 08:05:00,R0205,32.99,47.87,14.879999999999995,0.31084186337998737
2026-01-15 07:55:00,R0209,19.8,29.27,9.469999999999999,0.32353946019815505
2026-01-15 08:00:00,R0209,19.51,28.6,9.09,0.31783216783216783
2026-01-15 08:05:00,R0209,19.88,28.49,8.61,0.3022113022113022
2026-01-15 08:10:00,R0209,19.92,28.62,8.7,0.30398322851153037
2026-01-15 07:55:00,R0210,32.87,48.04,15.170000000000002,0.3157785179017486
2026-01-15 08:00:00,R0210,33.31,48.24,14.93,0.3094941956882255
2026-01-15 08:05:00,R0210,32.87,48.62,15.75,0.32394076511723574
2026-01-15 08:10:00,R0210,33.01,48.54,15.530000000000001,0.31994231561598685
2026-01-13 14:55:00,R0211,25.19,42.185,16.995,0.4028683181225554
2026-01-13 15:00:00,R0211,25.14,42.4,17.259999999999998,0.4070754716981132
2026-01-13 15:05:00,R0211,25.15,42.195,17.045,0.4039578149069795
2026-01-15 07:50:00,R0211,39.95,58.83,18.879999999999995,0.32092469828318876
2026-01-15 07:55:00,R0211,39.8,58.26,18.46,0.31685547545485754
2026-01-15 08:00:00,R0211,39.94,58.59,18.650000000000006,0.3183137054104797
2026-01-15 08:05:00,R0211,40.03,58.58,18.549999999999997,0.3166609764424718
2026-01-15 08:10:00,R0211,39.93,58.88,18.950000000000003,0.3218410326086957
2026-01-15 07:50:00,R0212,20.06,28.95,8.89,0.30708117443868743
2026-01-15 07:55:00,R0212,20.06,29.58,9.52,0.3218390804597701
2026-01-15 08:00:00,R0212,20.0,29.35,9.350000000000001,0.3185689948892675
2026-01-15 08:05:00,R0212,19.92,29.41,9.489999999999998,0.32267936076164566
2026-01-15 08:10:00,R0212,19.99,29.48,9.490000000000002,0.32191316146540033
2026-01-12 12:15:00,R0214,12.58,21.24,8.659999999999998,0.4077212806026365
2026-01-12 12:20:00,R0214,12.58,21.22,8.639999999999999,0.4071630537229029
2026-01-12 12:25:00,R0214,12.56,21.11,8.549999999999999,0.40502131691141635
2026-01-02 12:50:00,R0217,26.45,38.12,11.669999999999998,0.30613850996852043
2026-01-02 12:55:00,R0217,26.48,38.055,11.575,0.30416502430692416
2026-01-02 12:55:00,R0218,31.68,45.55,13.869999999999997,0.3045005488474204
2026-01-08 16:35:00,R0218,38.74,55.42,16.68,0.30097437748105377
2026-01-02 12:50:00,R0221,21.17,30.505000000000003,9.335,0.306015407310277
2026-01-02 12:55:00,R0221,21.18,30.5,9.32,0.3055737704918033
2026-01-02 12:50:00,R0222,21.18,30.545,9.365000000000002,0.30659682435750535
2026-01-02 12:55:00,R0222,21.19,30.520000000000003,9.330000000000002,0.3057011795543906
2026-01-02 12:50:00,R0223,21.19,30.575000000000003,9.385000000000002,0.3069501226492232
2026-01-02 12:55:00,R0223,21.19,30.545,9.355,0.3062694385333115
2026-01-02 12:50:00,R0224,26.42,38.135000000000005,11.715000000000003,0.3071981119706307
2026-01-15 17:50:00,R0225,31.55,57.43,25.88,0.4506355563294445
2026-01-15 17:55:00,R0225,31.42,56.25,24.83,0.4414222222222222
2026-01-15 18:00:00,R0225,31.58,54.85,23.270000000000003,0.42424794895168644
2026-01-15 18:05:00,R0225,31.45,56.54,25.09,0.4437566324725858
2026-01-15 18:10:00,R0225,31.57,56.05,24.479999999999997,0.4367528991971454
2026-01-15 18:15:00,R0225,31.53,55.27,23.740000000000002,0.42952777275194504
2026-01-15 17:50:00,R0226,15.87,28.88,13.01,0.4504847645429363
2026-01-15 17:55:00,R0226,15.85,28.92,13.070000000000002,0.4519363762102352
2026-01-15 18:00:00,R0226,15.83,29.07,13.24,0.45545235638114895
2026-01-15 18:05:00,R0226,15.85,29.16,13.31,0.45644718792866945
2026-01-15 18:10:00,R0226,15.88,28.77,12.889999999999999,0.4480361487660757
2026-01-15 18:15:00,R0226,15.82,29.24,13.419999999999998,0.45896032831737343
2026-01-15 17:50:00,R0229,21.09,38.5,17.41,0.4522077922077922
2026-01-15 17:55:00,R0229,21.09,38.13,17.040000000000003,0.4468922108575925
2026-01-15 18:00:00,R0229,21.11,37.92,16.810000000000002,0.4433016877637131
2026-01-15 18:05:00,R0229,21.1,37.25,16.15,0.43355704697986575
2026-01-15 18:10:00,R0229,20.96,38.85,17.89,0.46048906048906046
2026-01-15 18:15:00,R0229,21.07,38.28,17.21,0.4495820271682341
2026-01-13 19:30:00,R0230,20.92,34.730000000000004,13.810000000000002,0.3976389288799309
2026-01-13 19:35:00,R0230,20.94,35.115,14.175,0.4036736437419906
2026-01-13 19:40:00,R0230,20.93,35.095,14.165,0.40361874910955975
2026-01-13 19:45:00,R0230,20.97,34.735,13.765,0.39628616669065786
2026-01-13 19:50:00,R0230,20.96,35.14,14.18,0.40352874217416046
2026-01-13 19:55:00,R0230,20.95,34.71,13.760000000000002,0.39642754249495826
2026-01-13 20:00:00,R0230,20.96,35.0,14.04,0.40114285714285713
2026-01-15 17:50:00,R0230,26.17,46.83,20.659999999999997,0.4411701900491138
2026-01-15 17:55:00,R0230,26.44,46.68,20.24,0.43359040274207367
2026-01-15 18:00:00,R0230,26.28,46.85,20.57,0.4390608324439701
2026-01-15 18:05:00,R0230,26.26,47.24,20.98,0.44411515664690937
2026-01-15 18:10:00,R0230,26.28,47.41,21.129999999999995,0.4456865640160303
2026-01-15 18:15:00,R0230,26.26,46.19,19.929999999999996,0.43147867503788695
2026-01-09 06:40:00,R0231,26.49,38.005,11.515000000000004,0.30298644915142753
2026-01-09 06:45:00,R0231,26.48,38.165,11.684999999999999,0.3061705751342853
2026-01-09 06:50:00,R0231,26.48,38.04,11.559999999999999,0.3038906414300736
2026-01-09 06:55:00,R0231,26.47,38.09,11.620000000000005,0.30506694670517204
2026-01-09 07:05:00,R0231,26.46,38.035,11.574999999999996,0.3043249638490863
2026-01-09 07:10:00,R0231,26.43,37.93,11.5,0.3031900870023728
2026-01-09 07:15:00,R0231,26.48,38.065,11.584999999999997,0.3043478260869565
2026-01-09 07:20:00,R0231,26.45,37.79,11.34,0.3000793860809738
2026-01-09 07:25:00,R0231,26.46,38.145,11.685000000000002,0.3063311049941015
2026-01-09 06:40:00,R0232,15.88,22.895,7.014999999999999,0.3063987770255514
2026-01-09 06:45:00,R0232,15.88,22.885,7.005000000000001,0.30609569587065766
2026-01-09 06:50:00,R0232,15.89,22.880000000000003,6.990000000000002,0.3055069930069931
2026-01-09 06:55:00,R0232,15.88,22.86,6.979999999999999,0.305336832895888
2026-01-09 07:00:00,R0232,15.88,22.855,6.975,0.3051848610807263
2026-01-09 07:05:00,R0232,15.87,22.87,7.000000000000002,0.30607783121993887
2026-01-09 07:10:00,R0232,15.89,22.85,6.960000000000001,0.30459518599562363
2026-01-09 07:15:00,R0232,15.88,22.75,6.869999999999999,0.3019780219780219
2026-01-09 07:20:00,R0232,15.88,22.82,6.9399999999999995,0.3041191936897458
2026-01-09 07:25:00,R0232,15.87,22.755,6.885,0.3025708635464733
2026-01-09 06:40:00,R0235,31.79,45.83,14.04,0.30634955269474146
2026-01-09 06:45:00,R0235,31.79,45.75,13.96,0.30513661202185793
2026-01-09 06:50:00,R0235,31.78,45.715,13.935000000000002,0.3048233621349667
2026-01-09 06:55:00,R0235,31.79,45.625,13.835,0.3032328767123288
2026-01-09 07:00:00,R0235,31.78,45.83,14.049999999999997,0.3065677503818459
2026-01-09 07:05:00,R0235,31.77,45.6,13.830000000000002,0.30328947368421055
2026-01-09 07:10:00,R0235,31.77,45.54,13.77,0.30237154150197626
2026-01-09 07:15:00,R0235,31.73,45.59,13.860000000000003,0.3040140381662646
2026-01-09 07:20:00,R0235,31.79,45.55,13.759999999999998,0.30208562019758506
2026-01-09 07:25:00,R0235,31.75,45.68,13.93,0.3049474605954466
2026-01-09 06:40:00,R0236,31.77,45.705,13.934999999999999,0.3048900557925828
2026-01-09 06:45:00,R0236,31.77,45.72,13.95,0.3051181102362205
2026-01-09 06:50:00,R0236,31.78,45.645,13.865000000000002,0.3037572570927813
2026-01-09 06:55:00,R0236,31.76,45.79,14.029999999999998,0.3063987770255514
2026-01-09 07:00:00,R0236,31.79,45.625,13.835,0.3032328767123288
2026-01-09 07:05:00,R0236,31.75,45.775,14.024999999999999,0.3063899508465319
2026-01-09 07:10:00,R0236,31.77,45.68,13.91,0.30450963222416816
2026-01-09 07:15:00,R0236,31.77,45.595,13.825,0.303213071608729
2026-01-09 07:20:00,R0236,31.75,45.36,13.61,0.30004409171075835
2026-01-09 07:25:00,R0236,31.76,45.585,13.825,0.30327958758363494
2026-01-09 06:40:00,R0237,8.4,19.15,10.749999999999998,0.5613577023498694
2026-01-09 06:45:00,R0237,8.4,19.07,10.67,0.5595175668589407
2026-01-09 06:50:00,R0237,8.4,19.175,10.775,0.5619295958279009
2026-01-09 06:55:00,R0237,8.4,19.085,10.685,0.5598637673565627
2026-01-09 07:00:00,R0237,8.4,19.18,10.78,0.5620437956204379
2026-01-09 07:05:00,R0237,8.4,19.125,10.725,0.5607843137254902
2026-01-09 07:10:00,R0237,8.4,19.08,10.679999999999998,0.559748427672956
2026-01-09 07:15:00,R0237,8.4,19.095,10.694999999999999,0.5600942655145326
2026-01-09 07:20:00,R0237,8.4,19.17,10.770000000000001,0.5618153364632238
2026-01-09 07:25:00,R0237,8.4,19.11,10.709999999999999,0.5604395604395604
2026-01-09 06:40:00,R0238,31.78,45.655,13.875,0.3039097579673639
2026-01-09 06:45:00,R0238,31.77,45.695,13.925,0.3047379363168837
2026-01-09 06:50:00,R0238,31.79,45.72,13.93,0.3046806649168854
2026-01-09 06:55:00,R0238,31.76,45.645,13.885000000000002,0.3041954211852339
2026-01-09 07:00:00,R0238,31.74,45.52,13.780000000000005,0.3027240773286468
2026-01-09 07:05:00,R0238,31.73,45.66,13.929999999999996,0.3050810337275514
2026-01-09 07:10:00,R0238,31.78,45.57,13.79,0.30261136712749614
2026-01-09 07:15:00,R0238,31.72,45.485,13.765,0.30262723974936795
2026-01-09 07:20:00,R0238,31.76,45.58,13.819999999999997,0.30320315928038605
2026-01-09 07:25:00,R0238,31.71,45.5,13.79,0.3030769230769231
2026-01-03 20:50:00,R0251,16.76,28.115,11.354999999999997,0.4038769340209851
2026-01-03 20:55:00,R0251,16.79,28.14,11.350000000000001,0.40334044065387353
2026-01-03 21:00:00,R0251,16.77,28.28,11.510000000000002,0.40700141442715704
2026-01-03 21:05:00,R0251,16.78,28.3,11.52,0.40706713780918724
2026-01-03 21:10:00,R0251,16.79,28.355,11.565000000000001,0.4078645741491801
2026-01-03 21:15:00,R0251,16.79,28.25,11.46,0.4056637168141593
2026-01-03 21:20:00,R0251,16.77,27.78,11.010000000000002,0.39632829373650114
2026-01-03 21:25:00,R0251,16.76,28.21,11.45,0.40588443814250263
2026-01-03 21:30:00,R0251,16.8,28.05,11.25,0.40106951871657753
2026-01-03 21:35:00,R0251,16.78,28.255,11.474999999999998,0.4061228101221022
2026-01-04 14:05:00,R0262,25.19,42.35,17.16,0.40519480519480516
2026-01-04 14:10:00,R0262,25.17,42.545,17.375,0.40839111528969324
2026-01-04 14:15:00,R0262,25.19,42.41,17.219999999999995,0.406036312190521
2026-01-04 14:20:00,R0262,25.18,42.245000000000005,17.065000000000005,0.4039531305479939
2026-01-08 16:30:00,R0264,38.89,55.56,16.67,0.3000359971202304
2026-01-06 13:45:00,R0265,20.77,33.79,13.02,0.3853211009174312
2026-01-06 13:50:00,R0265,20.97,33.78,12.810000000000002,0.3792184724689166
2026-01-06 13:55:00,R0265,20.87,34.915,14.044999999999998,0.4022626378347415
2026-01-06 14:00:00,R0265,20.71,34.745000000000005,14.035000000000004,0.40394301338322064
2026-01-06 14:05:00,R0265,20.9,35.09,14.190000000000005,0.40438871473354243
2026-01-06 14:10:00,R0265,20.95,35.35,14.400000000000002,0.4073550212164074
2026-01-06 14:15:00,R0265,20.91,34.945,14.035,0.4016311346401488
2026-01-06 14:20:00,R0265,20.87,35.03,14.16,0.40422495004282044
2026-01-06 14:25:00,R0265,20.83,34.75,13.920000000000002,0.40057553956834535
2026-01-06 14:30:00,R0265,20.85,34.395,13.545000000000002,0.39380723942433493
2026-01-08 12:00:00,R0278,17.38,29.37,11.990000000000002,0.4082397003745319
2026-01-08 12:05:00,R0278,17.32,29.66,12.34,0.41604855023600806
2026-01-08 12:10:00,R0278,17.38,29.52,12.14,0.4112466124661247
2026-01-08 12:15:00,R0278,17.28,29.33,12.049999999999997,0.4108421411524036
2026-01-09 06:50:00,R0278,15.81,22.7,6.889999999999999,0.30352422907488985
2026-01-09 07:00:00,R0278,15.85,22.73,6.880000000000001,0.302683677958645
2026-01-09 07:25:00,R0278,15.86,22.665,6.805,0.300242664901831
2026-01-09 06:55:00,R0282,15.79,22.655,6.865000000000002,0.3030236150960054
2026-01-09 07:20:00,R0282,15.62,22.365,6.744999999999999,0.30158730158730157
2026-01-09 06:40:00,R0283,26.45,38.06,11.610000000000003,0.3050446663163427
2026-01-09 06:45:00,R0283,26.49,38.22,11.73,0.3069073783359498
2026-01-09 07:20:00,R0283,26.34,37.655,11.315000000000001,0.3004913026158545
2026-01-08 16:30:00,R0289,19.59,28.01,8.420000000000002,0.30060692609782225
2026-01-01 06:05:00,R0295,33.45,48.77,15.32,0.3141275374205454
2026-01-01 06:10:00,R0295,33.45,49.44,15.989999999999995,0.32342233009708726
2026-01-01 06:15:00,R0295,33.38,48.64,15.259999999999998,0.3137335526315789
2026-01-01 06:05:00,R0296,40.12,59.03,18.910000000000004,0.3203455869896663
2026-01-01 06:10:00,R0296,39.3,58.53,19.230000000000004,0.3285494618144542
2026-01-01 06:15:00,R0296,39.73,59.08,19.35,0.32752200406228843
2026-01-08 16:30:00,R0298,38.74,57.18,18.439999999999998,0.32249038125218604
2026-01-04 08:10:00,R0313,20.95,34.91,13.959999999999997,0.39988541965052987
2026-01-04 08:15:00,R0313,20.93,34.315,13.384999999999998,0.39006265481567826
2026-01-04 08:20:00,R0313,20.92,34.85,13.93,0.3997130559540889
2026-01-04 08:25:00,R0313,20.85,34.935,14.085,0.40317732932589095
2026-01-04 08:30:00,R0313,20.94,34.915,13.974999999999998,0.400257768867249
2026-01-04 08:35:00,R0313,20.92,34.54,13.619999999999997,0.39432541980312674
2026-01-08 09:30:00,R0319,26.06,37.67,11.610000000000003,0.3082028139102735
2026-01-08 09:35:00,R0319,25.97,38.0,12.030000000000001,0.31657894736842107
2026-01-08 09:35:00,R0320,32.81,46.99,14.18,0.3017663332623962
2026-01-08 09:25:00,R0322,25.98,37.36,11.379999999999999,0.3046038543897216
2026-01-01 06:05:00,R0335,39.96,59.64,19.68,0.3299798792756539
2026-01-01 06:10:00,R0335,40.13,59.77,19.64,0.3285929396018069
2026-01-01 06:15:00,R0335,40.12,59.22,19.1,0.3225261735900034
2026-01-01 06:05:00,R0336,40.19,59.6,19.410000000000004,0.32567114093959737
2026-01-01 06:10:00,R0336,40.18,59.1,18.92,0.32013536379018614
2026-01-01 06:15:00,R0336,40.18,58.55,18.369999999999997,0.3137489325362937
2026-01-01 06:05:00,R0339,33.45,49.33,15.879999999999995,0.32191364281370355
2026-01-01 06:10:00,R0339,33.41,49.52,16.110000000000007,0.32532310177705986
2026-01-01 06:15:00,R0339,33.4,49.77,16.370000000000005,0.32891299979907584
2026-01-01 06:05:00,R0340,26.79,39.88,13.090000000000003,0.3282347041123371
2026-01-01 06:10:00,R0340,26.78,39.85,13.07,0.32797992471769133
2026-01-01 06:15:00,R0340,26.73,39.87,13.139999999999997,0.32957110609480805
2026-01-01 06:05:00,R0341,16.8,39.68,22.88,0.5766129032258064
2026-01-01 06:10:00,R0341,16.8,39.75,22.95,0.5773584905660377
2026-01-01 06:15:00,R0341,16.78,39.63,22.85,0.576583396416856
2026-01-01 06:05:00,R0342,40.09,59.91,19.819999999999993,0.3308295776998831
2026-01-01 06:10:00,R0342,40.11,59.82,19.71,0.3294884653961886
2026-01-01 06:15:00,R0342,40.09,59.32,19.229999999999997,0.32417397167902895
2026-01-08 09:25:00,R0359,33.4,49.28,15.880000000000003,0.32224025974025977
2026-01-08 09:30:00,R0359,33.19,48.95,15.760000000000005,0.3219611848825333
2026-01-08 09:35:00,R0359,33.43,48.18,14.75,0.3061436280614363
2026-01-08 09:25:00,R0360,20.05,29.64,9.59,0.32354925775978405
2026-01-08 09:30:00,R0360,20.03,29.72,9.689999999999998,0.32604306864064597
2026-01-08 09:35:00,R0360,19.89,29.44,9.55,0.32438858695652173
2026-01-08 09:25:00,R0363,19.93,29.09,9.16,0.31488484015125473
2026-01-08 09:30:00,R0363,20.01,28.75,8.739999999999998,0.30399999999999994
2026-01-08 09:35:00,R0363,20.07,29.14,9.07,0.3112560054907344
2026-01-08 09:25:00,R0364,16.75,38.09,21.340000000000003,0.560252034654765
2026-01-08 09:30:00,R0364,16.77,38.43,21.66,0.5636221701795472
2026-01-08 09:35:00,R0364,16.72,39.3,22.58,0.5745547073791348
2026-01-08 09:25:00,R0365,26.66,39.15,12.489999999999998,0.31902937420178795
2026-01-08 09:30:00,R0365,26.62,39.19,12.569999999999997,0.32074508803266133
2026-01-08 09:35:00,R0365,26.7,39.54,12.84,0.3247344461305008
2026-01-08 09:25:00,R0366,39.9,57.76,17.86,0.3092105263157895
2026-01-08 09:30:00,R0366,39.82,59.1,19.28,0.32622673434856175
2026-01-08 09:35:00,R0366,40.07,58.96,18.89,0.3203867028493894
2026-01-08 09:25:00,R0367,20.01,29.08,9.069999999999997,0.31189821182943595
2026-01-08 09:30:00,R0367,20.0,28.73,8.73,0.3038635572572224
2026-01-08 09:35:00,R0367,20.03,29.27,9.239999999999998,0.3156815852408609
2026-01-08 09:25:00,R0368,39.63,58.57,18.939999999999998,0.32337374082294684
2026-01-08 09:35:00,R0368,39.96,58.48,18.519999999999996,0.3166894664842681
2026-01-07 21:20:00,R0371,26.5,38.24,11.740000000000002,0.3070083682008369
2026-01-07 21:25:00,R0371,26.5,38.21,11.71,0.3064642763674431
2026-01-07 21:30:00,R0371,26.5,38.215,11.715000000000003,0.3065550176632213
2026-01-07 21:35:00,R0371,26.49,38.2,11.710000000000004,0.30654450261780114
2026-01-07 21:40:00,R0371,26.5,38.24,11.740000000000002,0.3070083682008369
2026-01-13 07:35:00,R0371,26.46,38.1,11.64,0.30551181102362207
2026-01-13 07:40:00,R0371,26.44,38.005,11.565000000000001,0.30430206551769506
2026-01-13 07:45:00,R0371,26.48,37.9,11.419999999999998,0.30131926121372027
2026-01-13 07:50:00,R0371,26.45,37.965,11.515000000000004,0.30330567628078503
2026-01-13 07:55:00,R0371,26.46,37.91,11.449999999999996,0.30203112635188595
2026-01-13 08:00:00,R0371,26.45,37.995,11.544999999999998,0.3038557704961179
2026-01-13 08:05:00,R0371,26.46,37.98,11.519999999999996,0.3033175355450236
2026-01-13 08:15:00,R0371,26.46,38.035,11.574999999999996,0.3043249638490863
2026-01-13 08:20:00,R0371,26.48,37.855,11.374999999999996,0.3004887069079381
2026-01-07 21:20:00,R0372,21.19,30.56,9.369999999999997,0.306609947643979
2026-01-07 21:25:00,R0372,21.19,30.465000000000003,9.275000000000002,0.30444772689972105
2026-01-07 21:30:00,R0372,21.17,30.345,9.174999999999997,0.3023562366122919
2026-01-07 21:35:00,R0372,21.2,30.59,9.39,0.3069630598234717
2026-01-07 21:40:00,R0372,21.17,30.54,9.369999999999997,0.3068107400130975
2026-01-07 21:20:00,R0375,21.19,30.55,9.36,0.30638297872340425
2026-01-07 21:25:00,R0375,21.2,30.565,9.365000000000002,0.3063962048094226
2026-01-07 21:30:00,R0375,21.19,30.565,9.375,0.3067233764109275
2026-01-07 21:35:00,R0375,21.19,30.585,9.395,0.3071767206146804
2026-01-07 21:40:00,R0375,21.18,30.55,9.370000000000001,0.3067103109656301
2026-01-13 07:35:00,R0375,21.18,30.35,9.170000000000002,0.3021416803953872
2026-01-13 07:40:00,R0375,21.17,30.34,9.169999999999998,0.30224126565589976
2026-01-13 07:55:00,R0375,21.14,30.335,9.195,0.30311521344981046
2026-01-13 08:00:00,R0375,21.16,30.275,9.114999999999998,0.3010734929810074
2026-01-13 08:05:00,R0375,21.12,30.36,9.239999999999998,0.3043478260869565
2026-01-13 08:10:00,R0375,21.17,30.265,9.094999999999999,0.30051214273913757
2026-01-13 08:15:00,R0375,21.15,30.41,9.260000000000002,0.30450509700756334
2026-01-13 08:20:00,R0375,21.13,30.27,9.14,0.3019491245457549
2026-01-01 08:25:00,R0376,28.85,49.37,20.519999999999996,0.41563702653433254
2026-01-01 08:30:00,R0376,28.82,49.02,20.200000000000003,0.4120767033863729
2026-01-01 08:35:00,R0376,28.9,48.76,19.86,0.40730106644790814
2026-01-01 08:40:00,R0376,28.92,49.64,20.72,0.4174053182917002
2026-01-01 08:45:00,R0376,28.85,49.54,20.689999999999998,0.41764230924505447
2026-01-01 08:50:00,R0376,28.67,49.39,20.72,0.4195181210771411
2026-01-01 08:55:00,R0376,28.89,49.58,20.689999999999998,0.4173053650665591
2026-01-01 09:00:00,R0376,28.89,49.4,20.509999999999998,0.4151821862348178
2026-01-01 09:05:00,R0376,28.94,49.03,20.09,0.40974913318376505
2026-01-07 21:20:00,R0376,26.5,38.215,11.715000000000003,0.3065550176632213
2026-01-07 21:25:00,R0376,26.49,38.205,11.715,0.3066352571652925
2026-01-07 21:30:00,R0376,26.49,38.16,11.669999999999998,0.30581761006289304
2026-01-07 21:35:00,R0376,26.5,38.19,11.689999999999998,0.30610107357947103
2026-01-07 21:40:00,R0376,26.5,38.23,11.729999999999997,0.3068270991368035
2026-01-13 07:35:00,R0376,26.46,37.97,11.509999999999998,0.3031340531998946
2026-01-13 07:40:00,R0376,26.46,38.135000000000005,11.675000000000004,0.30614920676543866
2026-01-13 07:45:00,R0376,26.43,38.13,11.700000000000003,0.30684500393391034
2026-01-13 07:50:00,R0376,26.46,37.95,11.490000000000002,0.30276679841897236
2026-01-13 07:55:00,R0376,26.43,37.975,11.545000000000002,0.3040157998683345
2026-01-13 08:00:00,R0376,26.44,38.105,11.664999999999996,0.3061278047500327
2026-01-13 08:05:00,R0376,26.46,38.03,11.57,0.3042334998685248
2026-01-13 08:10:00,R0376,26.47,38.095,11.625,0.3051581572384828
2026-01-13 08:15:00,R0376,26.47,37.875,11.405000000000001,0.30112211221122115
2026-01-13 08:20:00,R0376,26.47,37.935,11.465000000000003,0.302227494398313
2026-01-01 06:05:00,R0381,40.06,59.15,19.089999999999996,0.3227387996618765
2026-01-01 06:10:00,R0381,40.18,59.78,19.6,0.3278688524590164
2026-01-01 06:15:00,R0381,40.09,59.2,19.11,0.32280405405405405
2026-01-01 06:05:00,R0382,26.79,39.64,12.850000000000001,0.324167507568113
2026-01-01 06:10:00,R0382,26.76,39.58,12.819999999999997,0.32390096008084884
2026-01-01 06:15:00,R0382,26.72,39.54,12.82,0.3242286292362165
2026-01-01 06:05:00,R0385,26.79,39.87,13.079999999999998,0.32806621519939805
2026-01-01 06:10:00,R0385,26.76,39.92,13.16,0.32965931863727455
2026-01-01 06:15:00,R0385,26.78,39.76,12.979999999999997,0.3264587525150905
2026-01-01 06:05:00,R0386,40.15,59.62,19.47,0.32656826568265684
2026-01-01 06:10:00,R0386,40.16,59.87,19.71,0.329213295473526
2026-01-01 06:15:00,R0386,40.17,59.8,19.629999999999995,0.32826086956521733
2026-01-01 06:05:00,R0387,20.07,29.91,9.84,0.32898696088264795
2026-01-01 06:10:00,R0387,20.1,29.91,9.809999999999999,0.32798395185556667
2026-01-01 06:15:00,R0387,20.09,29.84,9.75,0.3267426273458445
2026-01-01 06:05:00,R0388,33.47,49.77,16.300000000000004,0.32750653003817565
2026-01-01 06:10:00,R0388,33.46,49.14,15.68,0.3190883190883191
2026-01-01 06:15:00,R0388,33.39,49.6,16.21,0.3268145161290323
2026-01-02 08:55:00,R0411,31.54,45.335,13.795000000000002,0.3042902834454616
2026-01-02 09:15:00,R0411,31.59,45.355,13.764999999999997,0.30349465329070663
2026-01-02 09:20:00,R0411,31.63,45.475,13.845000000000002,0.30445299615173177
2026-01-02 09:05:00,R0413,15.82,22.61,6.789999999999999,0.3003095975232198
2026-01-02 09:10:00,R0413,15.82,22.615,6.794999999999998,0.3004642936104355
2026-01-07 21:20:00,R0415,8.4,19.16,10.76,0.5615866388308977
2026-01-07 21:25:00,R0415,8.4,19.1,10.700000000000001,0.5602094240837696
2026-01-07 21:30:00,R0415,8.4,19.155,10.755,0.5614722004698512
2026-01-07 21:35:00,R0415,8.4,19.06,10.659999999999998,0.5592864637985309
2026-01-07 21:40:00,R0415,8.4,19.155,10.755,0.5614722004698512
2026-01-13 07:50:00,R0415,15.84,22.83,6.989999999999998,0.3061760840998686
2026-01-13 07:55:00,R0415,15.87,22.725,6.855000000000002,0.3016501650165017
2026-01-13 08:05:00,R0415,15.86,22.76,6.900000000000002,0.3031634446397189
2026-01-07 21:20:00,R0416,21.19,30.525,9.334999999999997,0.3058149058149057
2026-01-07 21:25:00,R0416,21.2,30.595,9.395,0.30707631966007515
2026-01-07 21:30:00,R0416,21.18,30.57,9.39,0.3071638861629048
2026-01-07 21:35:00,R0416,21.19,30.575000000000003,9.385000000000002,0.3069501226492232
2026-01-07 21:40:00,R0416,21.19,30.590000000000003,9.400000000000002,0.30728996404053616
2026-01-13 07:35:00,R0416,11.2,25.485,14.285,0.560525799489896
2026-01-13 07:40:00,R0416,11.2,25.41,14.21,0.559228650137741
2026-01-13 07:45:00,R0416,11.2,25.450000000000003,14.250000000000004,0.5599214145383105
2026-01-13 07:50:00,R0416,11.2,25.455,14.254999999999999,0.5600078570025535
2026-01-13 07:55:00,R0416,11.2,25.435,14.235,0.5596618832317672
2026-01-13 08:00:00,R0416,11.2,25.520000000000003,14.320000000000004,0.5611285266457681
2026-01-13 08:05:00,R0416,11.19,25.29,14.1,0.5575326215895611
2026-01-13 08:10:00,R0416,11.19,25.505,14.315,0.5612624975495001
2026-01-13 08:15:00,R0416,11.19,25.275,14.084999999999999,0.5572700296735905
2026-01-13 08:20:00,R0416,11.2,25.425,14.225000000000001,0.5594886922320551
2026-01-07 21:20:00,R0417,15.87,22.765,6.895000000000001,0.302877223808478
2026-01-07 21:25:00,R0417,15.89,22.865,6.974999999999998,0.3050513885851738
2026-01-07 21:30:00,R0417,15.89,22.78,6.890000000000001,0.30245829675153646
2026-01-07 21:35:00,R0417,15.9,22.94,7.040000000000001,0.30688753269398433
2026-01-07 21:40:00,R0417,15.89,22.885,6.995000000000001,0.3056587284247324
2026-01-13 07:35:00,R0417,15.86,22.67,6.810000000000002,0.3003970004411117
2026-01-13 07:55:00,R0417,15.85,22.685,6.834999999999999,0.30130041877892877
2026-01-13 08:10:00,R0417,15.84,22.745,6.905000000000001,0.303583205100022
2026-01-07 21:20:00,R0418,21.19,30.51,9.32,0.3054736152081285
2026-01-07 21:25:00,R0418,21.19,30.575000000000003,9.385000000000002,0.3069501226492232
2026-01-07 21:30:00,R0418,21.2,30.59,9.39,0.3069630598234717
2026-01-07 21:35:00,R0418,21.18,30.57,9.39,0.3071638861629048
2026-01-07 21:40:00,R0418,21.19,30.57,9.379999999999999,0.3068367680732744
2026-01-13 07:35:00,R0418,21.15,30.355,9.205000000000002,0.30324493493658383
2026-01-13 07:40:00,R0418,21.14,30.29,9.149999999999999,0.30207989435457244
2026-01-13 07:45:00,R0418,21.19,30.37,9.18,0.30227197892657226
2026-01-13 07:50:00,R0418,21.16,30.43,9.27,0.30463358527768647
2026-01-13 07:55:00,R0418,21.16,30.24,9.079999999999998,0.30026455026455023
2026-01-13 08:20:00,R0418,21.14,30.37,9.23,0.30391834046756666
2026-01-02 09:05:00,R0433,15.88,22.74,6.859999999999998,0.30167106420404566
2026-01-02 09:10:00,R0433,15.86,22.835,6.975000000000001,0.30545215677687765
2026-01-02 09:15:00,R0434,31.72,45.465,13.745000000000005,0.3023204662927527
2026-01-02 09:20:00,R0434,31.65,45.32,13.670000000000002,0.3016328331862313
2026-01-01 06:10:00,R0435,28.93,49.73,20.799999999999997,0.4182585964206716
2026-01-01 06:15:00,R0435,28.97,49.88,20.910000000000004,0.4192060946271051
2026-01-01 06:20:00,R0435,28.95,49.84,20.890000000000004,0.4191412520064206
2026-01-01 06:25:00,R0435,28.98,49.37,20.389999999999997,0.41300384849098637
2026-01-01 06:30:00,R0435,28.99,49.87,20.88,0.41868859033487066
2026-01-01 06:35:00,R0435,28.96,49.81,20.85,0.41859064444890587
2026-01-01 06:40:00,R0435,28.98,49.87,20.889999999999997,0.418889111690395
2026-01-02 08:50:00,R0435,13.99,31.76,17.770000000000003,0.5595088161209069
2026-01-02 08:55:00,R0435,13.99,31.745,17.755000000000003,0.5593006772720114
2026-01-02 09:00:00,R0435,13.99,31.56,17.57,0.5567173637515843
2026-01-02 09:05:00,R0435,14.0,31.7,17.7,0.5583596214511041
2026-01-02 09:10:00,R0435,14.0,31.31,17.31,0.5528585116576173
2026-01-02 09:15:00,R0435,13.99,31.880000000000003,17.89,0.5611668757841907
2026-01-02 09:20:00,R0435,13.99,31.795,17.805,0.5599937097027834
2026-01-02 08:50:00,R0436,15.84,22.705,6.864999999999998,0.30235630918299927
2026-01-02 08:55:00,R0436,15.87,22.765,6.895000000000001,0.302877223808478
2026-01-02 09:00:00,R0436,15.88,22.695,6.8149999999999995,0.30028640669751044
2026-01-02 09:05:00,R0436,15.87,22.79,6.92,0.3036419482229048
2026-01-02 09:10:00,R0436,15.88,22.905,7.025,0.3067015935385287
2026-01-02 09:15:00,R0436,15.87,22.82,6.950000000000001,0.3045574057843997
2026-01-02 09:20:00,R0436,15.87,22.875,7.005000000000001,0.30622950819672135
